rank,aweme_id,date,duration_sec,digg_count,comment_count,share_count,desc
1,7544398141043477769,2025-08-31,11,1833915,83220,386530,#尚公主全阵容官宣 #尚公主风满楼大片 并肩踏澜，余生共誓。#尚公主 #孟子义 #李昀锐
2,7675574770423050953,2026-08-19,0,983961,30217,302835,已找到最可爱的微笑x2  (..›ᴗ‹..)  ♡ #尚公主#七夕快乐 #live #鹅厂七夕告白日
3,7621751828358880622,2026-03-27,0,903083,15069,103842,🫵🏻我们就是天下第一好🥰！#尚公主预约量破250万 #尚公主 #孟子义 #李昀锐
4,7591450498210419633,2026-01-04,17,867212,27681,113370,人！请查收你的开工福利🎁向2026说：万事皆“妙” ฅ՞••՞ฅ  #尚公主 #孟子义 #李昀锐
5,7518353962039561532,2025-06-22,24,820663,79486,252839,#尚公主 #尚公主今日官宣 逢于烟雨，归向长安，执所爱，赴万民。此心所托安社稷，此志所向许太平。#孟子义 #李昀锐
6,7675334230276399793,2026-08-19,15,740882,27827,232362,#七夕 看哪边？只许看这边💗#尚公主 #鹅厂七夕告白日
7,7602668375747214153,2026-02-04,9,674033,10395,56076,红妆在身，喜气正盛✨所有的幸福和好运都吹向大家！#尚公主预约量破200万 啦～“一起约起来”🥳#尚公主 #孟子义 #李昀锐
8,7565794188832132362,2025-10-27,51,553116,20774,124353,#尚公主曳影夜话版预告 灯影摇曳，纠缠交错；不负人间，共安天下。#尚公主 #孟子义 #李昀锐
9,7566890534225890619,2025-10-30,28,519296,22081,59121,谁还不知道#尚公主预约量破100万 啦！“吻吻”的，很安心🥰#尚公主 #孟子义 #李昀锐
10,7544404502763326746,2025-08-31,0,504524,22721,124178,#尚公主全阵容官宣 #尚公主观山雨大片 局既破，锋既出，生杀唯我夺。#尚公主
11,7602295165789435121,2026-02-03,0,498745,6466,37218,荆棘途，青云路，共济清晏。许朝暮，尚有期，一诺同归。#尚公主杀青 #尚公主 #孟子义 #李昀锐
12,7612811644380818609,2026-03-03,16,451197,7970,39250,元宵汤圆有什么馅？只对扶摇直尚沦陷＞𐋣＜#尚公主 #孟子义 #李昀锐
13,7544609981715729714,2025-08-31,0,440740,12722,63254,#尚公主全阵容官宣 #尚公主风满楼大片 风动？帘动？还是心动。#尚公主 #孟子义 #李昀锐
14,7583677162877144346,2025-12-14,0,439738,6359,38108,人生海海，因缘际会，不负韶华。#尚公主预约量破150万 #尚公主 #尚公主剧照
15,7565799471863483706,2025-10-27,18,397570,13186,41802,#尚公主曳影夜话版预告 眼波缱绻，爱意丛生…#尚公主 #孟子义 #李昀锐
16,7654566876714294267,2026-06-24,0,381445,10566,51746,探班time～当你把拍立得交给⬆️就会得到！#尚公主
17,7589604756797793723,2026-01-01,19,369104,6216,23322,新雪覆梅，岁岁与你❄️#尚公主 #孟子义 #李昀锐
18,7613013158500399281,2026-03-03,236,338613,9156,47633,#尚公主同风起满月特辑 满月已至，回首皆是耕耘；佳期可待，静候大幕启封。#尚公主
19,7651626589646091897,2026-06-15,19,321804,9383,28392,十指紧握，圈住承诺。#尚公主预约量破300万 执手相恋，共赴花路🥳#尚公主 #孟子义 #李昀锐
20,7602297207509284977,2026-02-03,0,309308,4550,17249,人间世事总无常，翻覆朱紫与白衣。命局难测，然有情处，即为破局手。#尚公主杀青 #尚公主
21,7544722080659672370,2025-08-31,0,304298,15246,14394,#尚公主全阵容官宣 佳音已至，盛局展幕。好戏，正式开启。#尚公主
22,7602983790265212923,2026-02-04,0,301829,4193,9376,感恩诸君，幸得同程。此别非久，静候佳期重逢。 #尚公主 #孟子义 #李昀锐
23,7605886952420314213,2026-02-14,0,291679,6405,17206,飞雪落双肩，烟火映眉弯。白首鬓同霜，共倚看人间。#尚公主 #孟子义 #李昀锐
24,7654929218279753403,2026-06-24,135,285800,8840,50139,#尚公主生死相依版预告 世家权贵，衣冠雍容，步履之间皆是筹谋。权欲乱心，世事浮沉，危途相伴生死相依。善恶难辨，一同坠入这场暗流涌动的权谋棋局。 #尚公主
25,7605887476826656187,2026-02-16,20,279668,7205,16501,❄️瑞雪落人间，与爱共白头。守岁同看雪，执手共迎新！💝#尚公主 #孟子义 #李昀锐
26,7621749181367352138,2026-03-27,22,273014,3476,15025,耍（幼）帅（稚）现场：😎➡️😆#尚公主预约量破250万 🎊（ps：下一条甜度翻倍！#尚公主 #孟子义 #李昀锐
27,7544395348028050739,2025-08-31,16,251611,8124,26814,#尚公主全阵容官宣 #尚公主观山雨大片 庙堂沉浮间，暗潮涌动。人心叵测处，是非难定。#尚公主
28,7583674141539568905,2025-12-14,0,240156,5381,8517,年少心事，思量万千，诉于眉间。#尚公主预约量破150万 感谢一路相伴，不负每份期盼🫶🏻#尚公主 #尚公主剧照
29,7602259238693385459,2026-02-02,49,231869,10658,10394,此去后，暂别过👋🏻期待与各位同往长安赴好梦的日子～约定💍！#尚公主杀青 #尚公主
30,7602678963845088074,2026-02-04,16,211887,6780,10288,#尚公主预约量破200万 立春快乐！加餐时刻到✌️快乐在#尚公主 这里是双倍✨#孟子义 #李昀锐
31,7557292182567439643,2025-10-06,36,203979,11630,7938,月长圆，人长久，万事长喜乐！#尚公主
32,7544410119150259494,2025-08-31,21,163431,9282,11928,#尚公主全阵容官宣 吉日开篇，长卷已启。#尚公主
33,7602476572029944497,2026-02-03,43,144155,3912,3404,经半载，历寒暑， 花束承欢，终章落笔。幸得诸君同路，共待长安花期。#尚公主杀青 #尚公主
34,7667569259942066810,2026-07-28,0,111109,5608,4502,#尚公主双端预约人数破350万 岭南夏深，萤火未眠。长夜双影相伴，方知心有所栖。承蒙喜爱，#尚公主 期待早日相逢。
35,7641829249453171889,2026-05-20,0,109019,3174,8642,#尚公主520闺房花絮 公主府日常更新！与你共赴人间的美好🥰#尚公主 #孟子义 #李昀锐
36,7679749658596453041,2026-08-31,28,99451,2945,5902,[2025.08.31，♾️）属于#尚公主 的#一周年纪念日 🤲🏻
37,7602296171529477115,2026-02-03,0,98185,1319,2325,爱憎痴缠，恩怨纵横，皆困于浮世一局。#尚公主杀青 #尚公主
38,7641204593599409882,2026-05-20,37,81126,3603,7935,#尚公主520闺房花絮 公主府日常更新！与你共赴人间的美好🥰#尚公主 #孟子义 #李昀锐 #520快乐
39,7679748241172491441,2026-08-31,0,72305,2579,2625,我们还在认真走完这段路，也很期待，终于有一天，与你们正式相见🥰#尚公主 #一周年纪念日
40,7688680481227415153,2026-09-25,24,12087,1702,1351,中秋逛街偶遇扶摇直尚！蹲一个指路🤤#鹅厂中秋共团圆 #尚公主
